"","syndate","煤炭开采和洗选业","石油和天然气开采业","黑色金属矿采选业","有色金属矿采选业","非金属矿采选业","农副食品加工业","食品制造业","酒、饮料和精制茶制造业","烟草制品业","纺织业","纺织服装、服饰业","木材加工及木、竹、藤、棕、草制品业","造纸及纸制品业","印刷业和记录媒介的复制","石油、煤炭及其他燃料加工业","化学原料及化学制品制造业","医药制造业","化学纤维制造业","橡胶和塑料制品业","非金属矿物制品业","黑色金属冶炼及压延加工业","有色金属冶炼及压延加工业","金属制品业","通用设备制造业","专用设备制造业","汽车制造业","铁路、船舶、航空航天和其他运输设备制造业","电气机械及器材制造业","计算机、通信和其他电子设备制造业"
"1",2013-08-31,0.00634099778835662,0.000623807793090236,-0.00300928443539306,-0.000290958891127957,-0.000182754985871725,0.0281695977319032,0.000495069522003178,0.00720675610500621,0.00362422946636798,0.00871548624127172,0.00369102403055876,-0.0014086628179939,-0.00138478376175044,0.000355258265699376,0.0104108280647779,-0.00919729922316037,0.00522148060554173,0.00470465622493066,0.00186629100062419,0.0111979262146633,0.0187245144625194,-0.00787581529584713,0.0120620705129113,0.0121158684778493,0.00635408548987471,0.0132439020089805,-0.00381565755378688,0.0300657955522183,0.0309854897495825
"2",2013-09-30,-0.0063406173576368,-0.000623770367383258,0.00300910388614284,0.000290941436105641,0.0001827440210036,-0.0281679076724686,-0.000495039821544196,-0.00720632372394903,-0.00362401202437468,-0.0087149633327499,-0.00369080257951282,0.00140857830047025,0.00138470067759044,-0.000355236950781546,-0.0104102034383686,0.00919674741453491,-0.00522116733191069,-0.00470437396143097,-0.00186617903818842,-0.011197254381841,-0.0187233910546638,0.00787534279515967,-0.0120613468316151,-0.012115141551476,-0.00635370425879955,-0.0132431074162014,0.0038154286230565,-0.0300639916968066,-0.0309836307133082
"3",2013-10-31,4.68183944097837,-6.1710157035559,-6.14472758100965,-2.95027090016447,10.683277497259,108.583193992585,3.11311300666421,8.59546700963256,9.66500709786851,22.8399541405379,20.7713133686775,23.7277891625272,9.5548661349676,10.8150228595623,81.9534671928122,75.844037718547,6.8126416485029,-4.10905705910409,33.8608981302823,28.8708577560028,165.862435236864,116.633218054019,32.0274853762676,66.0422365093254,68.6081000179111,132.344123154267,-21.2654023763025,67.0574824284413,-46.9703594734892
"4",2013-11-30,5.15375217000837,-29.7602729123173,-3.96760980595718,-14.1804498011006,39.1420541246662,337.726851459272,7.13377471005515,38.2184441562931,15.30288122608,70.7654822324112,71.43218150131,90.9481801642942,26.2851878871297,38.3519801753027,225.510674385892,287.668173350568,6.96621394470276,-18.1329072787485,131.966913251017,95.9919293265266,549.538870927645,264.105185038992,117.871298857441,203.698778199643,240.55550224951,440.995775275776,-81.658418517618,220.290383089217,-182.658106836985
"5",2013-12-31,208.096947988393,-107.609405796253,137.075685574924,-7.40395998440727,107.683443407335,1029.00618930813,81.0787445792012,89.8669428761204,9.2005132464601,250.314560705418,243.311403335625,267.395603639274,53.2758347523632,113.313370093299,496.813056069688,1095.87479271338,-2.41373369462963,-61.6899719038993,504.305977758602,359.366204393504,1819.50183225574,649.250533040991,225.161215467408,647.945344498061,791.516188413487,1015.58381827813,-204.420359791387,669.349235874979,-61.6599017076951
"6",2014-01-31,864.9498125221,-221.019444739894,512.130772058263,25.4416203404617,191.863936744561,2171.96003952666,292.553557850137,162.076773139932,-8.76887744650048,592.033541227283,460.968787978622,517.263875484328,147.241589972713,224.669348059175,894.799425374877,2710.87883835495,70.0040911708202,-180.577400845534,1185.99040275179,794.581095636677,3849.39804938075,1370.35615965954,249.4483179456,1448.35564687254,1684.43645754675,1318.44745004506,-294.092445664028,1284.22453333504,1180.11856759523
"7",2014-02-28,1735.06196099563,-246.621811789973,946.914794453391,64.3786129207074,224.623848244661,2942.83476554198,569.521211295803,240.578738256103,-55.6958090388798,855.397367088706,542.490283376363,650.672680688134,291.598653091765,294.65761526005,1187.59719855989,4299.63922499219,298.836907223289,-372.807771045489,1755.35142420874,1063.28703657322,4993.47118869133,2220.84867803945,139.49971479371,2029.87154449464,2347.56615162897,853.658217978023,-193.636635333278,1368.04860397687,3324.57145573912
"8",2014-03-31,2299.73416343299,-119.727236895791,1292.41428239444,71.8001815810239,206.033537002133,2698.46391956229,783.214778100497,282.660839155549,-141.418301012538,770.248230173485,377.789150620345,575.424182765724,479.70641498045,272.932455448783,1058.63857424424,4934.2398329342,675.567608101788,-602.929808294597,1851.1189240619,1045.95923801858,4203.03057591111,2762.08757221955,-20.1048617752094,2014.86667445648,2322.65928507326,-201.37077132336,156.033620685434,496.927050573286,5383.85203338834
"9",2014-04-30,2125.95172600783,163.938167706114,1418.36161407082,9.47709760508224,174.013990163303,1033.58079538448,863.276651771332,233.437767232113,-235.621113782609,267.381025421753,-33.1802996427286,333.509460085061,630.316724561162,195.130917135488,414.027443062936,4162.32649918416,1089.85091905763,-748.701222307987,1352.56710870872,800.188914684695,973.094878538104,2551.65128337505,-133.813938292369,1352.82212006839,1424.15070870702,-1060.52141129485,649.974590442849,-1068.81142783264,5794.6534433295
"10",2014-05-31,1529.29308992083,510.348937813225,1355.82423545958,-82.8008974774275,146.032637608521,-1945.88013302462,844.934261667622,84.1518673179089,-296.242696729989,-447.084778411692,-519.675271100146,16.5434119279089,588.374579401861,115.071831643527,-630.050707067974,2601.25469377992,1354.6629160654,-682.567848868195,523.509235985839,466.756726269727,-3659.63426142966,1599.83522438139,-323.763635000098,208.812004106381,-101.941517269908,-1111.90522681992,1194.85830202144,-2543.63453515823,4128.14458775657
"11",2014-06-30,993.009920065379,803.865102179911,1197.3930694383,-66.1324844839,107.664120464331,-5291.05714313063,737.980795896132,-117.734648809565,-285.621396304105,-1080.4784361473,-833.82664566637,-288.548898460132,293.797235303442,62.1378228184258,-1906.2813490312,1095.44317070628,1400.38903187239,-375.041486693095,-339.191999745701,86.4717575519462,-7697.03231863189,126.792642594868,-681.170175512714,-1082.8629355336,-1786.90227148012,25.1893453071243,1697.07001584156,-3403.77675932011,1559.37640101078
"12",2014-07-31,863.73992048137,975.440872316547,1024.8851900522,76.1047078282936,42.4120973859426,-8049.6503858628,511.193837113402,-340.828975641096,-200.529678263265,-1439.87463073636,-937.514922707516,-521.599235342961,-78.4031687704701,-13.8372490778529,-2920.48165926174,139.19553279609,1338.33797031034,-21.0313483168648,-996.519696733216,-328.677080783789,-10241.2507761961,-1460.31395404841,-1111.53898624265,-2285.39967450814,-3322.64768336964,1680.21637153125,5909.15964641683,-3797.64052259596,-376.980059779511
"13",2014-08-31,967.558405349788,1031.53311834534,818.847665578462,252.014012266103,-58.9102060839177,-9976.50705271889,209.782971033892,-570.263573179822,-24.5078433080998,-1641.18022530439,-936.920294766838,-676.833934512695,-359.089189907041,-129.993784712635,-3308.21470066826,-183.977643156541,1331.22125201295,123.610527753954,-1326.93734459994,-857.570585226786,-11398.7408538488,-2686.55938729603,-1488.14186080401,-3285.30547365919,-4443.76955728384,3012.11871989077,4969.87791158145,-4140.8542359214,-1388.27572178096
"14",2014-09-30,913.624361650451,1067.39069208982,582.913268960838,372.417914272195,-181.767352573699,-11280.7977311894,-118.837773752879,-770.159224396513,219.622831844681,-1876.65997812644,-980.536184883924,-746.718034154415,-497.008827105245,-282.268255960313,-3004.30538386309,-247.153549529961,1378.43646178456,54.875091109112,-1378.10940625732,-1498.40083853112,-11580.5124059554,-3123.4829058772,-1635.14114597526,-4037.82350365614,-4954.31498664533,3547.00106362932,-551.467026285165,-4663.41511523072,-1603.90869433363
"15",2014-10-31,409.856706742416,1157.56836227527,386.329709396879,417.381891841465,-275.590014501566,-12273.3153499739,-406.523699886638,-915.272851243863,467.627937499277,-2224.29795092685,-1110.7405976037,-739.986653809523,-464.27705371903,-426.371179825554,-2210.6542989326,-205.812272941985,1406.5622789526,-8.19904845977726,-1293.4190516455,-1981.98303830737,-10750.1366164682,-2684.01349147176,-1431.47541371569,-4350.22347948156,-4907.41651512406,3012.1131077219,225.776923489488,-5323.87456947536,-1186.63444185146
"16",2014-11-30,-477.447570588571,1322.55486322254,247.302154424091,446.211111713703,-307.769303863792,-13187.4682896692,-557.630504441157,-956.180134613009,633.733747025693,-2552.36301537108,-1346.57125716175,-662.649775421596,-246.6113480735,-501.145055015055,-1379.95946080665,-73.6541560501209,1313.28979407188,176.864356976941,-1159.35670929328,-2044.14111772791,-8673.50872158696,-1523.22585233056,-887.522208621216,-4084.51726194785,-4704.2596863074,1813.39849789382,918.14639896412,-5746.68538516946,71.4648876292049
"17",2014-12-31,-1337.19958898163,1465.36707110734,168.711458984668,583.66699692918,-274.174963037345,-13949.9614267917,-579.897900620585,-890.895565135084,648.076181193956,-2770.96292122442,-1563.81171997906,-538.860683220744,42.1730452122138,-507.693390222637,-996.165581471636,311.443040113139,1039.61128875667,544.491083477144,-1051.15562485135,-1779.79638116524,-5269.52490167442,34.1338099769491,-135.999770378519,-3579.39378205876,-4518.43706112966,859.723143533512,1424.25331654584,-5842.31931770954,1935.66431783728
"18",2015-01-31,-1752.52100769601,1518.51711052575,221.874802931823,885.071523722199,-201.707883274868,-14333.7139576633,-589.214485723642,-787.786278711908,495.910204542775,-2941.77588704738,-1699.90055659164,-422.259127836485,246.197667442109,-510.308558055669,-1286.92249032069,775.060037017683,683.448953287909,810.447577569888,-1113.3738218681,-1176.51663564678,-1221.46104748169,1576.10184229631,577.48978372835,-3153.90819713083,-4363.72825086664,414.82045673547,1620.33517824736,-5911.42488842556,3891.49800682353
"19",2015-02-28,-1655.67416318365,1429.77808827301,237.59168893149,1204.19224994557,-124.115803414199,-14378.4107824615,-570.888970984444,-677.724162041166,238.221473106241,-3115.17356796566,-1788.36367681531,-338.824923695051,217.185384256598,-508.580350368011,-2215.85519414672,565.369325853419,362.692910739468,724.570702031247,-1412.27467083793,-410.826185580168,2048.18415400991,2788.76185274686,1082.29015672088,-2973.36702934015,-4216.51118025591,411.467174736288,1410.56148623332,-5783.74248614005,5655.35272302135
"20",2015-03-31,-975.770328955274,1168.17056892518,8.70898920947366,1370.88433277023,-90.9745155031724,-14110.9805900763,-453.810555089847,-602.059978016739,-43.0343690381487,-3193.3266465184,-1781.2355326699,-287.585372301633,-63.4566100799711,-501.27071206439,-3326.4865273863,-375.635024767253,11.9550219157827,442.234298751711,-1839.5162138155,292.501445999747,3645.17995159625,3648.4973501231,1277.79697293832,-3071.72933812023,-4097.60988969743,355.678992212517,939.376405540657,-5078.60726508842,6756.53970916563
"21",2015-04-30,-54.2466428166372,768.199652765748,-558.048892176397,1355.29739579927,-119.341921538704,-13153.5003552761,-275.054581369208,-562.621603290972,-260.168778733663,-3013.82243463447,-1537.71673303375,-275.475252227348,-474.805158132731,-486.329628311312,-4022.41130900022,-1309.52118975349,-412.507964919569,404.748138447125,-2207.92956847553,671.141289200983,3906.22393477819,4504.32452124378,1272.67539752871,-3143.73222280692,-4001.48636439841,-180.566589018563,435.168117959089,-4010.34525387984,7543.81823350862
"22",2015-05-31,436.905113733126,420.135521962551,-1294.73980879627,1261.23275617942,-179.206379533378,-11237.9815675915,-158.749090022357,-588.482999232117,-341.248537780441,-2539.05483034585,-1114.36311605068,-273.709534952228,-673.158846601233,-505.271107773191,-3870.75910425565,-2061.13466643984,-897.927280848351,812.625429485975,-2294.69953293761,715.153580207931,3589.93819641648,5679.12627167898,1204.37293455136,-2899.97434751061,-3971.88300656242,-1350.98310947494,61.754865844392,-2919.23394310416,7853.78933803091
"23",2015-06-30,66.5466865717754,307.081029654404,-1869.73333906285,1177.31370443525,-241.253079744636,-8895.45303693405,-165.909492243496,-718.69206758753,-183.197654861182,-2073.81669158285,-717.02158761592,-279.223517597435,-519.877724873477,-553.659345549357,-2883.29483625229,-2676.06846713193,-1317.8471972635,1468.71281992809,-2121.57588544367,465.931072948064,3241.69362878421,7206.30872486022,1056.94763690679,-2560.43759249288,-3943.93378295127,-3384.98590807416,-94.0008077418752,-2192.38940488873,6800.69581695227
"24",2015-07-31,-743.211009490464,480.639807312193,-2188.33314880636,1105.45060888747,-293.907737499208,-6888.72455819091,-301.221080920215,-963.180824691197,227.39348788467,-1898.00486129231,-497.175675421808,-249.90098039162,-145.883848904406,-627.507981257786,-1517.42683954164,-3420.44359723403,-1616.40160466995,1976.16685820727,-1995.25657514026,-134.469036662718,2793.07840993034,8833.93291785405,847.285436159058,-2439.60525007697,-3711.35612501332,-5696.22062808767,-62.565965093585,-2355.74808374874,3420.14464317734
"25",2015-08-31,-1391.58488409419,851.309857772732,-2340.01234469473,1003.54439483011,-311.616826938542,-5682.49343753053,-517.448303685524,-1247.40427010866,771.973431371374,-2009.12988747505,-375.366383212619,-163.820622865132,238.830476497329,-686.569743543339,-406.15335270873,-3939.57984516234,-1687.34726916788,2184.2761244701,-2074.07181529868,-856.692530345375,1671.15099237231,10016.2868549288,665.402063100308,-2676.4921178339,-3361.76255448733,-8004.5778298481,5.98360305123788,-3668.64456334407,-1519.64672790346
"26",2015-09-30,-1353.66215440878,1178.97092948992,-2469.54841545628,835.574417227414,-294.898095081197,-5348.43531722398,-732.425470141803,-1494.26400097759,1312.08163159709,-2109.12856168699,-224.078555027736,-66.8820385740983,482.42947429738,-690.846257017161,-16.220991619688,-3937.91459453304,-1546.66751948897,2262.32497427784,-2297.49139569902,-1290.41101596656,-428.470825986122,10005.7931187206,463.387067601143,-3187.62249566647,-3296.17877006315,-10133.3770388179,61.6573596943199,-5589.69495053176,-6982.98363382783
"27",2015-10-31,-724.979631355644,1402.42042902961,-2578.20029601526,599.415134249193,-259.878987990289,-5540.89872942591,-996.760044112962,-1646.84527904539,1707.97851039877,-1942.53621270641,-41.7386433034699,-41.059736422947,494.566625064341,-656.735863173904,-627.660013732151,-3207.92563215079,-1289.14576811926,2387.19232583605,-2493.43729401389,-1447.20955732351,-3783.11156902846,8202.53480163516,181.443940495927,-3888.23748906786,-3696.86635545598,-12322.5309532885,154.294464491293,-7364.40775085858,-12477.4448466953
"28",2015-11-30,-161.277091387339,1725.04349514884,-2714.41960544699,303.279222407731,-252.379478889656,-5900.48978567266,-1357.36206361721,-1637.40076481753,1801.15131268226,-1591.53956657596,65.0338944520918,-177.862378790865,311.841750843319,-627.307079809809,-2085.25075165104,-2255.6401349745,-930.762366155657,2432.63396806948,-2599.24027026522,-1577.16807764224,-9262.01782935782,4679.73136747966,-438.287041544274,-4666.76464876733,-4422.09751521447,-14760.8249621929,339.924471887607,-8892.42223117372,-18174.1965005594
"29",2015-12-31,-684.29968685552,2301.72140572007,-3057.25545615349,-157.577848202109,-320.366191910061,-6477.2647173591,-1719.64265537699,-1511.19023467391,1577.82310018485,-1407.69472668853,64.1625174339424,-495.054263953978,-2.75488058335759,-629.540095564233,-3909.33962436105,-2591.64001062961,-523.35818709161,2068.13029013141,-2648.79378858098,-2023.52214348255,-17879.1991365529,-65.1302052792162,-1441.52414741085,-5418.95173427835,-5211.87014241243,-16866.1625412483,650.669603708768,-10074.5009446464,-23429.5035781272
"30",2016-01-31,-2432.88500493238,2857.19565571932,-3793.26594215813,-822.63969345071,-469.620614506151,-7345.38459438723,-1938.51606497373,-1341.69066650308,1136.00349148361,-1607.60212861683,98.4195416004804,-924.864558953006,-429.048810677625,-664.49990546508,-5775.07416829022,-5357.54645024112,-292.51267681866,1251.50037921266,-2742.04105698649,-3158.4928470591,-29711.9882166582,-5151.71137733251,-2739.63380346852,-6313.63724811215,-6099.58416580496,-17711.0614476285,955.495226826824,-11010.0694980824,-28434.5060162261
"31",2016-02-29,-5367.106192876,2982.90679345503,-4934.88164027582,-1577.66580071931,-667.723705287332,-8326.61965490863,-2080.00925402566,-1262.96329894147,618.0368883622,-2201.32893879199,247.22406648178,-1378.71714550498,-965.210018810481,-717.615114416327,-7433.32011221442,-10166.6070783906,-480.393391930003,254.754151109308,-3124.38987607697,-4994.3607992724,-42844.1839850239,-9905.94042310232,-4258.66403518216,-7389.33319899012,-7251.61447853461,-17031.7285722205,1034.93711641457,-11917.7548202274,-33151.083408414
"32",2016-03-31,-9166.10159505819,2482.72899948711,-6268.83159694332,-2197.70493805426,-866.593389988222,-9071.74780104525,-2288.53446755582,-1388.06065113573,164.598586379328,-2983.90445741781,274.179072755229,-1775.10874238803,-1488.02123823209,-766.761490824516,-8805.90890225675,-15449.5765413304,-1086.02102004318,-495.756523569034,-3858.36610087458,-7229.04271025295,-53694.5603236454,-14042.2419935452,-5834.69788035253,-8533.03263583634,-8450.14607556869,-15283.7722000979,772.709800635399,-12794.462098687,-36973.3091118287
"33",2016-04-30,-13205.3309576319,1439.75253116577,-7333.63664360535,-2572.34355373371,-1035.88672848977,-9454.36991740891,-2655.09975406373,-1692.84066667531,-167.054635676806,-3863.13203248917,-129.539448278199,-2095.30619060849,-1890.41331044894,-834.802430064687,-9882.65175328797,-19441.7768568058,-1770.75691895564,-815.395707903401,-4869.92765523019,-9307.86423707442,-58986.8159559778,-17430.1444615506,-7296.02483353362,-9730.45575385715,-9304.84194527278,-13403.2596169157,309.98117884434,-13323.8374684129,-38782.7409394589
"34",2016-05-31,-16634.0789892907,75.7603771448739,-7928.97015213217,-2763.09709302267,-1172.37411539643,-9249.12421846739,-3041.40466859995,-2016.4437853608,-454.621957953255,-4796.25267020467,-868.407611363786,-2333.55239260687,-2203.2082177812,-931.050662062316,-10675.2806467447,-21263.6595542101,-2231.58701816443,-979.209381384942,-5905.15445020661,-11021.5903350762,-58456.2441642744,-19979.3513796835,-8260.64943698453,-10740.5227397588,-9382.30829659817,-11661.8473687699,-110.419589961275,-13564.1136186536,-38379.7596178924
"35",2016-06-30,-19142.9684014647,-1263.22357834152,-8225.6026719349,-2853.56248501513,-1248.51359465351,-8383.34934480159,-3177.63568279482,-2188.33525542244,-869.450156252169,-5621.91511658311,-1613.86340095583,-2465.05234215684,-2415.5000307042,-1005.69181099778,-11149.0483629167,-21240.5078537121,-2361.25645045015,-1328.25916406676,-6588.87543327278,-12176.3841082563,-54599.9579357712,-21647.3173394989,-8428.12421921635,-11146.0305870082,-8690.31319723628,-9832.62296380685,-390.461064786257,-13487.1106163043,-36086.6347710286
"36",2016-07-31,-21339.0961906371,-2328.13828286333,-8399.38830064686,-2903.99593530361,-1257.53296059186,-7180.90650498687,-2950.40609378651,-2114.69347222032,-1555.25771360004,-6276.07229235698,-2094.46585830773,-2498.5635524752,-2549.25376443451,-976.050501667873,-11393.6968714688,-20444.5052942838,-2276.47755406209,-1904.76183657964,-6835.12437355773,-12675.3018549615,-50357.3097347788,-22627.6214519031,-7912.03757160358,-10781.2331197461,-7714.74006283947,-7884.58770939865,-514.432963037121,-12770.6943479258,-33440.5287955735
"37",2016-08-31,-24134.4760312636,-2996.49605965479,-8449.32886316242,-2936.60164874801,-1223.33379565904,-5918.93057623657,-2535.21985234858,-1803.44115609059,-2514.06122423027,-6651.97788674792,-2345.37504765326,-2455.4589152464,-2669.12432330565,-846.16531145425,-11535.1261406839,-19919.5854070225,-2100.84070491417,-2554.55017170667,-6779.96951256713,-12679.0678768917,-47530.3315231478,-23178.7988329395,-7007.23375028858,-9722.0407543864,-7007.04535304083,-5921.83235826233,-505.354394967006,-10878.6682261951,-31573.5242691284
"38",2016-09-30,-28024.791765662,-3419.60102354471,-8420.77902911472,-2903.74383607375,-1178.68110680098,-4668.17019068057,-2179.46983721999,-1420.0135411478,-3606.44034704341,-6781.13064404062,-2429.18287357017,-2381.75800176908,-2855.03760603405,-652.847965480698,-11663.0385009449,-20271.4474088775,-1959.61864734441,-3188.4296984575,-6568.51845360677,-12442.1796715405,-46379.8796873046,-23451.9975317839,-6360.26418489675,-8295.95542482511,-6618.27606599338,-3559.40579590696,-491.734034645051,-7865.52928456012,-30309.0064879606
"39",2016-10-31,-32506.8572111671,-3891.51986250621,-8407.98437195206,-2848.78899647683,-1161.76080914166,-3583.1573324085,-1978.9103568607,-1102.18185758183,-4582.88221473256,-6748.98163512477,-2300.26418706423,-2303.83642892793,-3179.03998123074,-464.065207812393,-11813.5276324431,-21814.7280595776,-1777.0541724981,-3805.80948626357,-6362.92165501452,-12082.4592404491,-46629.2701105722,-23494.9264240508,-6358.60211252008,-6944.41528182826,-6127.72728074889,-125.131050201424,-571.675972381126,-4468.08269844402,-28031.6880570569
"40",2016-11-30,-35918.2750280599,-4587.47755956936,-8479.44504630298,-2868.41539106149,-1156.98209296641,-2852.47809419016,-1890.32348821632,-975.245835900161,-5142.74895342559,-6633.6838518256,-1870.88727993835,-2250.58774162817,-3623.75035131455,-329.926104347138,-12021.9820485021,-24118.387660103,-1457.77765908882,-4408.98977220299,-6150.56094431724,-11916.0049749142,-47232.280299499,-23448.8010165933,-7031.8661877407,-6092.19760875244,-5339.99822185389,4127.69539716525,-771.239356431521,-1842.07460589526,-23870.5425071354
"41",2016-12-31,-37228.9072853253,-5296.50169647118,-8598.71199432416,-2915.43977641349,-1134.77646127319,-2361.38351114435,-1929.67479422883,-1118.31105728958,-5184.19562606077,-6467.14840490909,-1273.50464726811,-2239.27301356276,-3962.9723287845,-223.365128148354,-12201.443167273,-26337.9727459864,-984.217202263564,-4654.00395738481,-5987.18041020808,-11968.4235237153,-47400.1400516095,-23239.9257892631,-8314.47393720117,-5807.89948058908,-4513.45160275343,8129.39870977681,-1070.59550292866,-374.775463220489,-18997.8639649905
"42",2017-01-31,-36666.1919347414,-5621.44152516473,-8723.99675909662,-2884.45694835387,-1094.7230857181,-1809.72295219224,-2043.74904596504,-1421.80173311145,-4803.39586045542,-6149.42110794195,-781.647407465454,-2241.22982231899,-3915.60485842097,-97.018693082653,-12066.0013812674,-26861.600901311,-451.037154947146,-4207.71481843182,-5837.69220670316,-12186.9285368697,-45907.4778598361,-22646.3568410594,-9800.40163607648,-5848.22924801236,-3668.76537981842,11090.6544504042,-1301.88735561636,501.384162774077,-14694.1482347777
"43",2017-02-28,-35187.5626519895,-5320.84468162337,-8646.20235391377,-2743.6390328602,-1068.30010825081,-1138.93269428599,-2162.5805864006,-1746.40336531655,-4228.46074444426,-5568.49390182228,-612.261283266722,-2232.31337164555,-3349.29837221308,5.45039357853602,-11313.9576652724,-24697.2922854411,178.158931366488,-2999.01953628147,-5570.77983745812,-12396.9354584462,-42286.1944723441,-21491.7258204492,-10984.593551313,-5897.13482533113,-2821.4736739806,12631.23601278,-1241.74205495032,1679.37923580984,-12077.0141096191
"44",2017-03-31,-33518.4767212967,-4546.20679369454,-8208.82962530657,-2578.47115646318,-1097.92995888564,-407.975763021997,-2223.36538641724,-1947.07591942746,-3692.22657880892,-4768.33055099312,-627.77073040379,-2216.68611055735,-2553.19606479698,45.8308482829016,-10105.3237671043,-20517.2889956621,929.418051916087,-1564.92221924272,-5055.02304533569,-12618.4811239011,-37908.4798375771,-19843.3118591171,-11534.5111884231,-5729.39194085562,-1829.27623537148,13259.97519169,-895.499668398275,3494.63412942347,-11297.3799192412
"45",2017-04-30,-31801.0405975946,-3581.66037273469,-7492.01504688539,-2474.60569881006,-1192.21856387596,191.616168321227,-2162.97857760717,-1997.88440613568,-3365.54893559841,-3945.54915013234,-667.217062641808,-2191.05112947035,-1925.49578177299,25.9788671968381,-8755.07395516743,-16623.4254655425,1704.97521535316,-621.314349709559,-4235.60168676332,-12864.9171637428,-35084.7189263675,-18292.0539975319,-11474.2877687631,-5326.17593811161,-654.927352550847,13757.6473559107,-515.251276247764,5783.19915296411,-11480.8435838603
"46",2017-05-31,-30236.8267159327,-2756.66185802862,-6715.2473762226,-2464.1194745261,-1309.57970375057,347.242719143658,-2049.22009153845,-1942.71696349437,-3309.67368845668,-3375.96605937689,-774.246410026011,-2180.38784070801,-1795.94813667095,-8.31364718242185,-7579.91787271679,-14938.2421795951,2563.78754933659,-570.211849373642,-3565.92457851591,-13160.3958360401,-35449.7220304651,-17487.1371472077,-11099.5411491838,-4919.19782400815,263.826705682557,13744.2727276943,-471.972134428353,7664.04915489367,-12095.4574536366
"47",2017-06-30,-28842.5190875799,-2378.9198463024,-6078.05728994209,-2532.07120871549,-1407.92141576068,-8.38213416258805,-2042.54038774771,-1898.61969912142,-3417.88998879711,-3125.09982751901,-1122.55436545073,-2192.30721097409,-2161.56159326504,-73.2727316332275,-6814.5047713088,-15806.1147967672,3481.73548666979,-1407.19831478227,-3396.53733964302,-13679.693026763,-39074.7177121522,-17611.2498226773,-10677.7660694685,-4632.21476990031,633.685612345173,12709.3835748701,-912.431646061428,9091.09643953497,-12429.6453560217
"48",2017-07-31,-27799.4637346575,-2555.38448176858,-5664.0795695006,-2560.76218266975,-1474.13203381719,-414.841631331714,-2223.60831960128,-1977.33130434835,-3524.47788552767,-3114.71575194315,-1801.34781980563,-2239.6755142978,-2741.09153677005,-138.159440434105,-6658.61644010033,-18204.9700521408,4269.48129932961,-2616.33218692306,-3648.51224662772,-14329.7242908214,-43994.8816500489,-18277.2371251588,-10445.3116400818,-4345.968819406,486.961232811038,10804.5162607119,-1704.83041804671,10612.4653456229,-11693.1060993263
"49",2017-08-31,-26938.3157233495,-3236.96932192795,-5448.6142212649,-2488.55914992088,-1550.7767748744,-713.641880721028,-2459.67233360599,-2329.95989097761,-3523.9733574737,-3298.70234054941,-2674.15623929877,-2311.32712358904,-3102.09024464358,-186.448392168557,-6967.59891359595,-21301.2697763102,4500.00495453778,-3542.1405434504,-4087.83691837236,-14979.2750927184,-47404.2564804709,-18861.2024207047,-10480.0663769143,-3971.91528316063,222.033514336305,8782.44352358248,-2496.80561690995,12252.4802328647,-9604.04396510491
"50",2017-09-30,-25732.0945033072,-4044.59609790884,-5332.08965095586,-2351.43049908071,-1684.11273623532,-1140.87852707834,-2611.68274272677,-2995.20396244191,-3405.6925986536,-3821.8740157733,-3479.98070622166,-2397.85980170228,-2928.51503081598,-210.574535335105,-7486.29962829381,-23939.9636929227,3883.00644463036,-3857.47519013581,-4335.67280701542,-15737.1654413329,-47512.9776613045,-18922.1004437974,-10519.897672115,-3427.40288537077,87.7867948116909,6851.02115377644,-2902.26723513852,13790.7586204598,-7148.79611628875
"51",2017-10-31,-23817.6710795647,-4702.13008608697,-5269.84790539679,-2213.76059079775,-1928.62764433065,-1664.70157386718,-2665.91534904356,-3870.08803561174,-3209.55822719126,-4920.22471240148,-4147.04873788316,-2510.06136916445,-2132.66594481666,-205.186694186414,-7896.40353852698,-26350.9637224162,2368.69328163806,-3560.29849350598,-4295.61602696993,-16766.568204346,-44857.0564566111,-18233.2269316739,-10340.5688389449,-2872.9331730174,-107.632786899194,5323.55960804265,-2940.88974000866,15232.2663702979,-5505.66722301772
"52",2017-11-30,-21731.6293467416,-5164.61551412433,-5283.14210149792,-2119.51299882466,-2297.38339222771,-2073.40676979872,-2759.20646318006,-4831.08376933138,-2994.92361216499,-6710.40705213248,-4760.36101346543,-2646.78072296662,-937.851808764106,-230.788910385716,-7830.37021805145,-28569.6920718155,368.731246556854,-3059.03308629453,-4259.60120924481,-18086.9339841657,-41064.9473775432,-17006.6266465626,-9467.22845102302,-2537.54772563753,-437.697044563305,3867.24127949926,-2818.38206101686,16952.9681656795,-4295.34853106819
"53",2017-12-31,-20042.3173122667,-5498.21700529255,-5353.25469478667,-2073.33910362868,-2755.03577657534,-2418.28426245699,-2936.47470500032,-5626.81881837663,-2806.34145347289,-8812.25861629963,-5509.4458312299,-2811.46006728141,195.176314040858,-389.908206559878,-7224.6635119128,-29814.0297550592,-1417.10308251521,-2595.19899706393,-4532.31566041213,-19635.3144325317,-37138.641448558,-15744.4256311632,-7514.02202901279,-2587.8957639811,-911.90348079495,1635.33045259817,-2617.99394079655,18812.5933857948,-2626.82674257428
"54",2018-01-31,-19062.3893161654,-5693.04682148707,-5384.82173704303,-2080.31385851723,-3227.11721617518,-13826.4641373131,-3199.96901659273,-6139.44126041654,-2648.54793019426,-10711.4892649407,-6273.99416310448,-4534.13711891013,866.135681614542,-666.642456260826,-6187.02041778705,-29664.0422777751,-2359.41462834593,-2320.44853184641,-5114.90791399711,-21039.4133002005,-33241.7173198338,-15059.5486362337,-4785.13891346895,-2979.17770831208,-869.113682371099,-1392.30578996649,-2323.72987244523,20530.2273449209,-728.45966193924
"55",2018-02-28,-18529.1896788534,-5715.06755166763,-5229.75269359486,-2058.58791408195,-3613.61774704366,-14135.0422151656,-3514.76077947651,-6335.15076435894,-2530.5470413606,-12040.3746457052,-6777.04408314377,-4540.79626213331,957.702658405666,-970.255667478443,-4943.80069392055,-28629.9441813795,-2339.41080177244,-2228.18874997741,-5673.74902809841,-21804.4665731562,-29189.0248505807,-15034.9751618766,-2045.30841397226,-3380.32989872666,386.631245682976,-4223.97467148944,-1894.54246447405,21842.69701017,984.697583127592
"56",2018-03-31,-17919.2927341261,-5662.93592463604,-4856.40501312433,-1931.42919957233,-3798.97146958105,-14978.922279848,-3779.54792793944,-6270.91620397511,-2407.14493126543,-12782.6572963939,-6926.22905237664,-4450.10928297124,651.468448974942,-1176.50899559371,-3890.94416172133,-27687.761102236,-1697.73158756454,-2202.702798347,-6059.45739123775,-21646.3351347156,-25678.9122499221,-15271.5457032658,11.3760694669327,-3354.45595559318,2609.19199582897,-5745.78760644951,-1403.24758493696,22141.8352712691,1525.35165765468
"57",2018-04-30,-16845.5180607378,-5644.0066489663,-4394.43902097955,-1718.30486403517,-3759.01814662222,-15822.2340397116,-3899.14014008849,-6071.29807240523,-2210.07280147441,-13005.4224672046,-6644.06699915645,-4219.97194665676,390.048001290073,-1232.13136246511,-3452.26479323316,-27096.0606024104,-1146.0359720714,-2233.06478781196,-6123.02537189983,-20765.9686973437,-23886.2542345258,-15071.2076995058,1041.55317402902,-21284.4868126835,5293.94171484571,-5017.97167409171,-972.198518699981,21334.9060589347,464.968438009964
"58",2018-05-31,-15445.7771830945,-5605.48001163699,-3973.5380524946,-1486.66214894576,-3605.26789168224,-15977.8074617103,-3869.56410246075,-5852.52057127433,-1857.75419022721,-12799.9382862386,-6032.24812958518,-3869.95208413222,471.103404180787,-1159.2436146289,-3933.12808341894,-26096.2238675119,-1252.78683451822,-2110.04689601855,-5726.90090923883,-19472.3243445612,-23857.5510445857,-14092.7717426313,1191.30001986917,-18221.0414962862,7621.53615360791,-2291.39919710235,-721.50046001649,19673.7663518433,-318.969853942515
"59",2018-06-30,-14084.018091485,-5408.26235157019,-3612.88172676855,-1329.54471536984,-3480.02128798231,-15502.6684227163,-3608.41405268195,-5669.8326642664,-1414.95892104629,-12221.7506168285,-5289.48061541958,-3483.70257136533,990.155839001352,-1059.76393583326,-5072.74019279747,-23970.0890061982,-2107.46084923504,-1548.53355733606,-5045.76090582032,-18011.890875408,-24104.2670463093,-12475.4951647924,808.880742839508,-14879.3652862518,9147.22210373776,1077.03373815172,-612.125671197398,16366.6697404719,1365.81168110791
"60",2018-07-31,-13036.8660045039,-5009.85702680214,-3267.62797116212,-1321.00383523994,-3421.54217937517,-14742.0134326383,-3037.60415693578,-5523.59329574923,-973.715593441102,-11187.4493201067,-4514.23612032681,-3151.60293796591,1914.36033312543,-1001.80990121892,-6125.22255500754,-20179.7784985951,-3104.02102044085,-280.598375375819,-4229.34624536446,-16509.8564717673,-22742.3947308403,-10498.6985777894,241.128482380969,-11813.7971475367,10224.1762585101,3604.39788774017,-561.876633662294,11126.5225862191,5635.04878668382
"61",2018-08-31,-12176.9158620712,-4528.52807487177,-2957.49529103109,-1476.26788702687,-3373.17149336126,-13732.1697081731,-2280.17725354784,-5425.30707290249,-576.609809065521,-9531.29971070011,-3842.86702482647,-2952.88118255041,3099.66052925088,-984.366432185805,-6393.90192126288,-15354.3511637865,-3591.10947301736,1710.69969145166,-3495.87230442461,-14945.0194987057,-19441.0277488707,-8420.67832777731,-275.125013725221,-9550.16513814562,11283.9563790275,4820.72319772642,-554.107422317327,4646.01548500959,10547.8488711202
"62",2018-09-30,-11401.615675779,-4103.49927810506,-2656.23925038907,-1701.89454240482,-3243.81873720908,-12337.6043525091,-1600.19833206783,-5375.54483689125,-306.903008219437,-7337.86991493282,-3499.80137522904,-2885.4339899168,4318.57718195655,-1044.25906697979,-5527.42616565598,-10733.3106861188,-3043.2467572907,3975.05898780569,-3238.26741233256,-13262.500840257,-15147.576922368,-6441.9615867176,-477.467361798132,-8157.18598311354,12548.9091742452,4061.05578411877,-733.543317661693,-1741.53352327587,14472.9391677756
"63",2018-10-31,-10619.2344529737,-3648.62064578448,-2356.51978500844,-1816.59458958849,-3035.82368158279,-10971.6877930058,-1085.03614334397,-5423.83842094794,-260.000214092768,-4794.99574113291,-3688.28333187994,-2872.77907210327,5233.00930092621,-1213.43550129683,-3637.41204267924,-7254.79008228541,-1516.57729905221,5866.50215344718,-3774.14492665863,-11617.5447480607,-10593.5629852862,-4868.86191918433,-369.084968949843,-7333.34246168676,13565.1306323858,528.91156912595,-1199.86151998557,-7045.583654524,16813.9330484587
"64",2018-11-30,-9870.30002049833,-2980.55636236885,-2070.60974927603,-1713.31573818852,-2853.55365873055,-10252.0952769311,-834.314628809283,-5545.71481975021,-473.737127722376,-2136.91501121645,-4348.44884776525,-2808.93719053363,5579.64676664209,-1445.48955167259,-1530.13764089116,-5590.55974298035,434.422049605259,6924.54106164296,-5152.3175986015,-10292.981161323,-6172.57216880607,-4017.13225608051,-598.580517568364,-6533.03856163585,13782.1370238196,-5102.4459456472,-1953.70545185595,-11010.4987447437,16177.5494804581
"65",2018-12-31,-9226.44177589365,-2187.31608538257,-1847.7721146105,-1447.85953640314,-2773.97295155356,-10539.8673109166,-875.324298046165,-5720.43713866656,-891.385252090477,254.932314763166,-5261.46336344843,-2640.85305142402,5249.70401350496,-1674.55900418887,-50.1389982856927,-6087.31974529504,2077.12701479593,6766.83525874381,-6990.08318715237,-9432.28749304905,-2129.1674864821,-3950.78957689408,-1741.64800813701,-5200.49577074364,12863.4433302009,-11375.233666318,-2902.20396720224,-13930.1174478448,12436.9331789901
"66",2019-01-31,-8735.22541230351,-1607.23694264837,-1669.83093613906,-1170.42375371795,-2736.37821895019,-11574.7269214715,-1084.76700530864,-5923.7682902552,-1414.45806289896,1980.88949983672,-6378.13516136479,-2408.96285810556,4339.4582126343,-1841.83590407303,371.354533063481,-8762.47557788756,2802.27302044921,5634.2122142955,-8785.90948333986,-9084.94526793776,1384.05635054296,-4495.29080243103,-3724.88840283017,-3112.56762535527,10615.6833263878,-16889.7239039862,-3884.79538104439,-16652.7583870615,7426.3302622526
"67",2019-02-28,-8311.63908861213,-1549.52878288271,-1542.2778024089,-1018.5179264627,-2640.59323832847,-12273.2760198611,-1305.44838680655,-6064.80000331248,-1899.44404410743,2929.54942548525,-7482.25577753795,-2168.72194973449,3185.60773196452,-1896.2416430248,-147.536577702325,-12257.3908269517,2499.48326262509,4289.83054897595,-9981.14640123953,-8885.90624542077,5149.75888419268,-5411.49985669219,-5780.27625114613,-648.861923755059,7780.11470015129,-20904.4494528187,-4692.98057764523,-19272.0314131093,2766.82238655648
"68",2019-03-31,-7906.76773296097,-1937.43266132787,-1430.69387638919,-1001.06948575559,-2443.23148262894,-11840.1155160512,-1454.98269508209,-6035.83276228498,-2254.79332128517,3302.70965936585,-8306.2746957613,-1974.58324980084,2223.55493422586,-1849.57493079177,-777.823071437684,-14521.0408213478,1590.64999975494,3340.57582116056,-10207.0965751285,-8248.11723219723,-20289.2092066929,-6430.13429903649,-6877.09781795062,-10118.9640379015,5251.10684055975,-23860.8467908552,-5130.3462778253,-21189.1902584661,-28.2787231852999
"69",2019-04-30,-7321.21612147665,-2333.96483188514,-1295.58380521946,-993.271377140329,-2171.25067206675,-10465.8822512795,-1423.32284729272,-5761.12229888045,-2463.90069897231,3477.60587950595,-8789.92670147469,-1856.57937393338,1747.02861885905,-1754.35479818446,-645.8763012829,-14334.9138610977,709.029954337573,2774.54151803417,-9600.42781481252,-6864.22482399354,-11189.0816829075,-7055.07251662711,-6417.09263334455,-7765.28210130677,3454.62212251761,-27041.2109101979,-5082.2056570554,-22199.5562532962,-754.3613998855
"70",2019-05-31,-6376.80403904043,-2344.16697103245,-1083.04648748016,-910.279141090683,-1874.60670260049,-8976.5066856757,-1214.34650186278,-5276.64563779093,-2549.03204382182,3773.76001883167,-8777.29002653521,-1805.31391249874,1772.10508430181,-1635.22494224157,558.156542077631,-12464.2259297539,331.266950587422,2326.21100146076,-8481.22776192884,-4924.05969235921,-1146.59514496778,-6960.96065745151,-4968.93316706354,-6476.31572012312,2931.40394809574,-30355.3623236879,-4626.99747348235,-21953.3621149733,-1207.5870575094
"71",2019-06-30,-4939.43303276455,-1918.84712317379,-793.57947490175,-777.463479112825,-1580.89912975096,-7784.87429265372,-1056.71610997199,-4652.868215957,-2560.27006111876,4324.43033672159,-8186.18602492177,-1794.14360032082,1922.81508639384,-1460.64162096211,2661.39026798104,-10380.1193168917,355.008766645682,1891.17901123003,-7270.43944912788,-2893.41802405557,8217.99335088543,-6169.27822843962,-3567.94256202751,-6289.28685298219,3585.28412839735,-33153.012532311,-4007.05656808531,-20768.9918497544,-3111.99378507276
"72",2019-07-31,-2924.95540275528,-1297.97682067324,-405.119322661996,-690.741279288088,-1297.54126128018,-7117.08769305775,-1122.7943908892,-3969.13762087616,-2594.33168763768,5114.50116771078,-7105.395732081,-1773.3935035563,1844.13929913341,-1240.995009354,5144.73354053046,-9077.21653851424,281.192166945257,1565.0230403317,-6320.02089764723,-1191.22481321116,15502.0080463855,-5113.78079123804,-2556.77822066043,-6904.98509759872,5191.99173662355,-35291.2260574332,-3541.71699617548,-19168.0136108657,-6033.91987819114
"73",2019-08-31,-516.023492644446,-714.056929238224,39.7023655586254,-661.834628209588,-1033.37747702312,-7056.95767073071,-1334.92716416035,-3272.63473819067,-2790.73157189099,680.702272660536,-5819.79870570672,-1668.16228888237,1350.75253496881,-999.668331318531,7195.413810464,-8318.92887812259,-155.264031152183,1582.59091782435,-5602.56714439984,-14.4457088127383,19823.6488316111,-4325.30441863378,-1826.80022502592,-7582.51353928342,7131.47925844233,-36869.4555710673,-3436.27713566858,-17213.1310384609,-8244.84829408379
"74",2019-09-30,1760.64572618042,-366.217187477816,438.950924174316,-643.584730555871,-807.784265956392,-7329.56301801038,-1469.26371537062,-2607.72663278526,-3177.24008187305,2156.22856165405,-4597.13794741766,-1425.9646609267,530.470173069501,-736.445758253503,8390.58778317121,-7007.86480771482,-840.164386260178,2185.4495120989,-5038.21913714331,897.363619262935,21468.5411326566,-3816.11034952628,-1044.2944843274,-7574.46429183389,8641.56249920622,-36796.8160741432,-3554.736717992,-14991.6138445627,-8486.52520211868
"75",2019-10-31,3367.12673543789,-276.463875654286,710.028664233188,-603.780058024322,-576.896189370944,-7387.58032094923,-1330.2610228403,-2070.51062061278,-3680.77898028479,3708.48575473111,-3497.74211820729,-1064.91366987749,-211.177509227724,-476.393836776027,8954.28705415281,-4078.96771561773,-1641.38802287489,3215.47445122231,-4381.90013328154,2037.1802224628,21417.6007156857,-3202.31111167918,16.1826429705834,-6425.67643118009,9271.84572930232,-34860.2425675027,-3569.11647641147,-13100.7992199766,-8023.11075789598
"76",2019-11-30,3987.7112526929,-359.128496313018,966.021620927677,-533.991773862825,-243.41394118365,-6723.88673628846,-813.578215849164,-1734.11596673669,-4197.32175896319,5399.09290084639,-2565.1324852398,-639.378693738217,-488.165594999045,-255.429333699019,9459.26182909598,645.734684604802,-2485.95708020532,4784.97049290344,-3478.3298786814,3789.46034654314,20678.7572873964,-1939.07065767085,1616.90987885621,-4347.85994011545,9132.70606937096,-31870.582551888,-3148.03821454546,-12991.6932486325,-7626.36659805645
"77",2019-12-31,3624.72346314859,-351.279079481754,1355.41219869592,-468.09978082934,223.588575893036,-5183.61684005975,-61.9656231426488,-1600.71563773383,-4641.77520064144,7294.15912571287,-1723.54834201687,-190.798832460783,-93.6179149915333,-30.3070181254625,10687.2982379107,6977.46444814181,-3343.85412824381,7000.00067786559,-2154.48049211319,6404.07701630151,19778.4465049404,184.302691864839,3705.87005306929,-2073.37970490835,8852.79015400619,-29010.4048626579,-2257.48845038717,-15271.1627295411,-8105.94047335262
"78",2020-01-31,2710.83118152495,-43.4408340931313,1921.18583448038,-389.707242294178,757.301404954573,-3166.73741124946,695.989513135311,-1630.49500825292,-4912.79740210842,9426.8837827626,-818.214336652265,215.341194892062,921.905866399902,174.364992899453,12953.1886152169,14204.1052679551,-3816.88064580702,9484.37791694018,-443.576783265744,9916.00411372352,48574.2689366857,2895.61823359295,6149.59397879234,-128.234447873605,8707.27376828558,-26813.5246114844,-1137.16930805167,-18961.6506729937,-7755.35600902804
"79",2020-02-29,2125.49171327017,758.336586801179,2542.99357666128,-255.033315002313,1244.88382531633,-1445.41777929361,1416.62308748839,-1780.07878927111,-4991.0048511902,11706.0170615665,68.3505800174898,495.96483789026,2297.50172939702,355.692362538004,15812.5068566267,20708.0394267651,-3549.23041465133,11424.3019639463,1203.60920662381,13639.6146477283,80409.0025621476,5483.43557617316,8697.29223218994,1445.54671813018,8347.9975097696,-25106.5030613147,-113.439821941254,-22504.9443422101,-4838.48283752101
"80",2020-03-31,2448.69233574018,2085.38662311415,3091.47148338496,-79.706041742289,1591.78997531721,-703.846211389027,2080.36349160328,-1979.52600391857,-4937.96604246176,13892.6320213675,935.133080623636,2357.7424233144,3518.61983634026,517.698780878713,18390.5988115959,24297.1942303358,-2447.32916820081,12162.7432995952,2368.66490086299,16587.6784300097,68908.8221946014,7051.04309393084,10556.2084157861,2833.3704505692,7898.43615091962,-22257.7759044991,549.525761269644,-24200.2267104368,857.879877351457
"81",2020-04-30,3490.21223714626,10276.5825232498,3471.50047264997,60.1317343273313,1764.91184385454,-9323.12745269746,2634.74317382288,-2181.49339169486,-4848.4405057005,20551.5683716751,1711.40047162805,2212.92052791419,3953.3512684732,625.298459515288,19901.724310061,23535.139785114,-743.072939981648,11971.223049642,2564.57959520115,17760.4480318955,55952.1686715824,6842.84619265184,11127.0364473591,4011.83375872648,7772.72514583095,-18108.3184257058,806.846104620585,-23870.6356302875,7329.48514838633
"82",2020-05-31,4834.18874624489,11052.8061046205,3618.72761655108,88.228964699696,1826.33363658326,-9283.98877522614,3110.74877716352,-2347.37980947479,-4811.79564393546,20920.2703601884,2141.72396288105,2036.39428362,3568.80906007717,602.237328179286,20171.0342041766,19456.1674850236,1059.66674766425,11672.3691309177,1656.0881862308,17101.4664823288,43698.903206308,4932.15683173115,10692.1196977534,4894.69362355926,8505.52486482711,-14278.4303507348,821.996532489415,-22076.5159645348,11725.7381689278
"83",2020-06-30,6025.84363529699,2693.81262954341,3497.25505271973,6.05402426171713,1848.8296042506,-9136.90982911698,3599.06330439397,-2511.02763295401,-4849.83780846325,20361.4281298119,1990.68183237838,1951.38077885689,2814.82426451292,425.352707325233,19341.7232648691,14496.6060963866,2937.44093260623,11808.0604885149,411.604293004377,15406.503081076,33970.7605619704,2095.07681385419,9940.62251211415,5718.54082988497,9970.18042465366,-12245.8316540024,751.80445072869,-18837.9418612755,12971.8865020759
"84",2020-07-31,6832.06477178347,2037.16656558665,3122.48747814689,-64.2024827387595,1892.88219453382,-8465.32790074815,4079.79434344635,-2694.44642033688,-4868.87756984402,18973.5657108747,1273.68483713765,1990.94493807974,2128.90511764986,173.101821337881,17867.4275405811,10652.8889516005,4825.09921498055,11819.534047449,-387.553584965295,14060.5822298432,27257.2266920916,-749.62451579186,9458.05600150785,6915.56294599068,11289.9373616126,-11684.4219326059,804.502011589218,-14252.4990561103,12557.779450739
"85",2020-08-31,7182.06351085601,1067.3809280643,2659.05880887446,-26.7665708411241,1993.50389013392,-6869.86038852655,4451.88376367862,-2817.06246290023,-4740.26181105035,16766.8765098829,417.090836304807,2084.93135735435,1711.61961741194,-52.1698413038284,16425.0100515361,8065.26636379474,6309.29907829393,10562.9728283538,-439.984892081848,13986.2331985667,23225.5513833232,-2808.67456028482,9418.39144794273,8644.48135045599,12048.0829061471,-11661.2297803251,1066.8003325547,-8981.72783153516,11598.5355815657
"86",2020-09-30,7023.5985232192,234.752031499605,2315.18737110205,94.4758417539906,2160.81242987217,-4478.20512932964,-307.783669761528,-2740.82787771049,-4411.13587606213,14002.5601342455,-152.373836165454,2158.7219067842,1427.10912623709,-148.247260434575,15454.6725565732,5338.01998442778,7394.03524498109,7749.36740128817,101.209432426054,14898.6438312261,20510.5472980623,-3830.39913131014,9832.26887919215,10557.4135252327,12751.5164795073,-10739.876664214,1444.30879119401,-4274.58284755307,10718.9973430753
"87",2020-10-31,6197.96508019344,-297.855215609028,2231.81493191782,224.548061151598,2388.88494035216,-1999.75189709893,-84.6260279012349,-2325.74811589542,-3907.65202174176,11093.6314834339,-291.225580486658,2190.06799711638,982.733640662576,-27.6955198007854,14764.6509854503,1766.02093910601,8241.02214441021,4015.84059876966,997.965660321177,15778.615864442,18145.1505842121,-4109.4720901087,10370.2430969194,12204.4867703627,14523.3318971461,-7368.56532519561,1919.05580609704,-917.014420459978,9659.46580843843
"88",2020-11-30,4999.15705486998,-765.100591058581,2330.17628585227,326.203129009822,2614.23353212379,66.7228953870072,66.0088807009452,-1527.72353051171,-3307.24029253987,8240.0672103496,-111.366306586773,2224.02781271096,292.417520362571,271.34597182889,14113.8063606588,-2215.14787322975,9094.50646726842,367.324530477032,2148.99129605931,16065.0518028966,15714.8503010846,-4124.4763358169,10698.3390562656,13376.6424399958,17690.9430672159,-1857.99391267862,2513.97761512953,2101.47788172291,9317.51362602587
"89",2020-12-31,4060.06329117606,-1361.35369650156,2467.9011995127,422.32841735462,2780.51876455936,1698.67046299274,412.180763146476,-449.604657648189,-2721.20767542458,5501.11730530314,153.057156930008,2275.46626458527,-339.611929508566,612.936982520132,-10091.7561771981,-5862.66010177397,10124.4417721579,-2538.64805136633,3390.06908302131,15714.5036767989,13535.9857521878,-4305.00373977277,10792.7183370692,14010.9047658038,21392.4238914563,3887.49298945355,3205.87914982364,6257.91717320291,10344.3443864923
"90",2021-01-31,3721.50534854521,-2011.75122904931,2557.60180406221,534.874899923925,2823.12636162398,3295.34398065892,947.413945308916,777.639122848079,-2245.88353056381,2959.1005186722,408.811435385054,2340.73846466606,-573.102428556871,904.612391605606,-10382.4225088477,-8708.54809062544,11020.0522605765,-4389.65761726507,4577.51312739015,15119.9797522985,11227.3863522537,-4839.03706781979,10726.1538677812,14091.6749529369,24462.5211946161,7779.45450883324,3909.68401512696,12363.8298224467,12081.0931645195
"91",2021-02-28,3535.40020203726,-2553.74572448447,2574.62371818926,603.359945960938,2721.61947199042,5220.07770886045,1456.02060581696,1991.62594780645,-1920.10618200845,658.310976806417,660.195537982858,2401.70569993526,-447.033589683364,1080.89765695545,-11265.0229783117,-10872.5699829018,11616.0420429745,-5078.72685803571,5539.82113239347,14360.368215463,7757.12186872886,-5724.51894132505,10551.4233944228,13638.0293222586,26093.160706557,8366.18726013636,4533.44618308364,19311.7419459746,13515.1012656627
"92",2021-03-31,2837.26151465368,-2807.21230387931,2484.64786486982,551.826930628944,2504.44146228059,7547.152269724,1732.74700931444,3085.77230805143,-1716.45842019814,-1247.10117165011,749.748791275793,2480.57503047719,-40.1507441814683,1127.51698642929,-12137.3996071135,-11882.1281536436,12038.36067879,-4837.44770052643,6355.34895183338,13422.1610739237,2855.64604094374,-6556.11118367899,10334.5296761656,12934.2108426283,26368.5477308037,4822.00842656911,5001.43714938588,25711.5213557219,14138.6145329433
"93",2021-04-30,1284.09166286716,-2810.46794104466,2307.51882153898,379.793551474942,2242.56034170203,9909.40009658065,1631.75187853281,4012.93450916049,-1597.00404570421,-2575.85598116869,636.71745028095,2623.84637896103,587.416980361813,1110.60136149269,-12656.8533336496,-11414.7425850737,-6607.60593309853,-4090.17694608132,7554.03205241973,12650.2999737504,-2357.72008281885,-7048.39856862024,10133.3981327466,12462.183706028,25583.6439802547,-1026.32278367475,5188.78269177621,31400.7770510833,15543.8480032227
"94",2021-05-31,-761.395040886877,-2794.84867219053,2104.40248584977,214.461574419307,2001.73910355995,11732.9008293386,1211.9403564277,4773.16506096427,-1499.5989396986,-3185.35880703153,433.095420330821,2815.57435666331,1380.64471745486,1143.41585073965,-12614.3300794507,-9703.83804393699,-4966.15365698619,-3251.32483056746,9413.63600623468,12519.357940497,-6188.16490543127,-7133.02168998096,10077.7844980415,12949.3483537319,23734.3191268684,-6399.57929921406,5202.97065792132,36470.1251662822,19718.6260684723
"95",2021-06-30,-2665.93910222645,-2874.67630305222,2019.02092133452,179.677277066165,1814.50364290024,12885.8109116787,714.958848089766,5423.81420957718,-1373.90211722274,-3130.46816720301,461.531249534688,2971.87334287898,2272.03770370728,1283.92812150849,-12031.0603742405,-7527.74649926706,-3814.50350929669,-2499.81553476668,11390.7706290434,13183.9035954968,-7921.18494633923,-6771.77662183202,10330.9279637793,14538.5704460923,21007.0580716767,-9509.77641134837,5243.40709942456,41055.2221870149,25800.7177992848
"96",2021-07-31,-3995.34384598472,-2925.19325079117,2127.49803524496,293.075386016626,1694.27990920693,13521.5319201287,227.15604826792,5972.49626493576,-1188.99947632723,-2703.29498701225,923.169662925837,3030.28331841472,3146.91761466537,1450.40253034262,-11096.1481064316,-5642.13850839087,-2990.33119217912,-1807.47880840481,12692.1411687692,13973.6109354876,-8439.72768103113,-6011.8398113946,10880.7281736069,16797.7880629975,17749.5883077892,-9430.92299324769,5413.6283242069,44652.6420083618,31934.9637741593
"97",2021-08-31,-4691.9326356314,-2808.38944073094,2446.88806142092,472.744824226223,1655.12341359658,13631.960206843,-209.601906651573,6396.24355000084,-908.31029467348,-2099.88104242817,1738.24891179347,3017.0521217947,3745.53672254136,1499.00738221539,-10097.8166487698,-4015.39382030326,-2168.63773073172,-1160.54720720081,12790.9092873937,13893.2616269858,-8584.73454526966,-5021.06696005151,11606.3934956727,19108.2005889601,14937.33868247,-6845.35688149545,5830.01324504364,46224.4116177334,37101.021597018
"98",2021-09-30,-4661.27708465914,-2510.99927129562,2934.22540668801,607.133782121322,1679.76696492651,13511.0732803211,-413.051436552807,6699.53766830872,-505.534645912368,-1446.03152852543,2695.80748428938,3018.95016201588,4012.90616281142,1356.80950856873,-9228.57213089985,-2027.08876768628,-1439.68433542896,-748.001243698578,12159.8405316867,12710.5132699903,-8367.1937625634,-4081.10885993027,12101.9356131922,21014.6060225767,13461.0319990576,-3828.24707761488,6434.04092692715,45923.4352469184,41019.6870183958
"99",2021-10-31,-3767.28474770004,-2165.68960482426,3604.49264261402,627.382550614937,1735.11577950892,13460.398335623,-313.706308447217,6928.64656299316,-9.70992783982001,-680.942092976999,3575.57988281241,3126.68848257916,4135.01083992541,1033.30673233469,-8561.13752008739,1269.94109070854,-591.557585836359,-477.074516268469,11679.5529729159,11386.5847185038,-6686.90159810791,-3319.57596669145,12332.8121921237,22266.4617825313,13532.2778998101,-1733.36964629719,6891.38587148834,45421.4749232943,44703.8890263186
"100",2021-11-30,-2060.01470170866,-1947.02657777241,4432.24440348777,519.541236976731,1766.33160849457,13589.5268828584,-26.7518099490262,7164.29301107292,495.935216319673,381.569421271735,4331.71377738827,3345.63833401512,4360.66987240998,670.746099406955,-7927.14960555916,5802.72270614875,263.912528791989,144.37156646591,11769.2656502121,11140.1967618121,-3398.12965767563,-2739.89081555893,12620.3465118737,22736.1482793352,14835.4897858233,-191.366558285197,6906.59318309245,46376.8049040133,48054.8296014187
"101",2021-12-31,92.6480917706576,-1958.05808384128,5290.05949352852,323.587870876519,1754.3164152624,13818.416810137,270.664925530145,7454.69582228622,949.946401820704,1908.43811063305,5009.05669727028,3611.36266490566,4619.58752412895,427.047473225015,-7137.69109535843,10711.6517918031,1042.60876663195,1607.32400875347,12301.5753677163,12521.4273873316,769.316816695849,-2110.2408148479,13179.2723260022,22631.9690662774,16385.1695044277,1573.57398439071,6392.83191718958,48633.6100987542,51731.7284541792
"102",2022-01-31,2165.27288673657,-2115.22819263267,5992.37528033676,132.166540695825,1718.21798828385,13880.3672389115,499.274866724154,7740.08887373221,1273.10519120441,3794.8056102652,5571.84024552438,3844.62016699247,4774.79128186504,387.708500674653,-6206.57501563398,15061.025382577,1534.32589261595,3765.67859959786,12901.3135622279,15261.6220287509,5739.44283169022,-1027.5268235493,14072.7356293098,22346.0380003566,17361.0340713976,3184.56969332346,5569.20826524159,50777.7080108417,55637.363059
"103",2022-02-28,3759.65198152749,-2314.89517698299,6411.70161200643,46.3512034553496,1702.24233054374,13551.0263002329,664.763563579618,7964.2371417672,1439.04357529048,5710.04266694011,5979.63621186424,3998.09323682958,4767.31996813582,494.162095355998,-5390.03846030778,17989.7442001416,1419.3559367281,5827.6718901501,13327.1010863356,18867.1849034015,12129.2219777548,1001.9563143932,15203.4413674317,22249.5889196995,17530.6998304028,5120.63536949398,4723.86285568136,51519.3762534286,60515.637280709
"104",2022-03-31,4799.56495617103,-2518.62730576716,6533.8118451104,109.242176625223,1729.3474968933,12704.5011282898,969.513088279826,8049.48132836973,1510.26776026019,7207.2927776663,6201.17832838373,4060.61413711774,4616.15364667303,622.797508289397,-4790.51002666846,19482.0967349333,504.799306003348,7312.95135835184,13384.2163659616,22759.1905950726,20406.139365029,4060.5415411033,16569.8806304785,22393.9911441912,16816.1744398213,7885.64247759199,4074.22519669116,50522.2426439548,65636.9182000852
"105",2022-04-30,5547.80944328649,-2655.27568250955,6582.25097218647,295.295203676997,1763.12971423736,11720.2523065542,1639.54149451912,7957.71726556199,1573.48222942266,8177.60806252804,6257.60836471526,5839.00968796921,4531.24624704669,683.325446218696,-4141.80850403704,20857.1565670904,-784.631669555674,8192.26187787773,12935.1609754168,26424.3244656396,29163.4779827644,7913.17108246006,17802.9505161554,22327.4947614127,15435.9939338685,11553.7418878783,3721.75413695384,48044.5199153572,68952.3709383694
"106",2022-05-31,6386.47167901419,-2609.38006513138,6817.13512195551,523.332802956384,1745.66091084554,11258.6455829003,2588.57540318392,7733.79783737024,1676.1057154612,8518.74853513652,6085.6826313108,5641.97801865578,4597.17403700533,639.568377858359,-3197.75054005635,23850.885548386,-1645.8616907649,8423.41381470289,12077.2491597288,29471.8320357265,35939.3090636906,12082.9617839674,18507.2884570117,21347.6599324805,13771.0173424244,15904.027202267,3637.54629217229,44330.7324656924,70099.7777688639
"107",2022-06-30,7530.09163327047,-2332.43231358214,7363.90174934141,722.315095165268,1663.59438662622,11305.9536159455,3452.99607677582,7436.86483909292,1817.44180668733,8409.83070516132,5626.08424809646,5463.16575413697,4690.27244205152,489.053410226323,-1926.26739299664,28562.5582368809,-1850.6937075028,7886.74163829169,10941.6912140777,31688.7038231883,39331.9343386802,15724.2420566155,18623.9323335872,19295.1241352863,12424.7308382511,20636.450390556,3667.52756273836,39298.1851142574,69077.4455090011
"108",2022-07-31,8947.99406501554,-1860.53345249366,8135.99301963341,858.015443664686,1554.79385324222,11647.5414865431,4109.32044795137,7191.07909825692,1941.82240549169,8217.82049627593,4959.83237862165,6370.07923223509,4647.2155135865,293.200688594396,-609.27810534797,33746.4587900505,-1785.29172979298,6810.33714055778,10017.8579749979,33159.4691033909,39495.5867436177,18252.7539924229,18167.9942763083,16544.9469039283,12008.2848688932,24713.7139917415,3599.04338600455,34099.6777190274,65961.5292954899
"109",2022-08-31,10466.6262622276,-1310.60649704706,8899.57072266803,927.907832518638,1456.89928882955,11932.9652861895,4593.20856729409,7074.32996077152,1989.91838613864,8302.98799623494,4191.27441492597,6300.50243397272,4575.2708782605,137.210302937059,373.943561577325,38484.6185206599,-1528.71079806695,5827.51139157136,9819.21575448278,34407.4351716819,37679.0198639953,19582.2980570717,17249.1441795164,13753.363270211,12341.5602112753,27717.1512988702,3229.6994791887,30522.6862846446,61548.554571465
"110",2022-09-30,11870.2033131724,-814.917645045798,9329.59500616563,960.586943653347,1381.07929384884,11884.4984984255,4950.67326241468,6999.6652346911,1964.48310044878,8612.37293276947,3422.33042810556,6305.26454866474,4605.89971846337,37.4368084709313,654.077674850181,41728.361547433,-1263.4135183467,5204.40032948335,10159.5474420746,35664.2380469662,35064.8394183885,20031.4918027199,7427.06339861403,11311.4479559776,12472.5151843101,29498.3625698455,2567.92333106309,28912.433282883,57042.2994183816
"111",2022-10-31,12999.8555102515,-426.121141893314,9133.31838235531,1017.14373912083,1311.42584760552,11928.0591002752,5206.08619428209,6832.39069570386,1912.70287959625,8885.52896959786,2731.05651867302,6297.86252596336,4705.71867633115,-29.260120765437,303.322889149014,43051.9258530991,-1176.32759097154,4769.95818843269,10413.9041286627,36588.4890393295,32267.008157276,20289.0501419034,6237.31164762771,9311.68754869036,11365.3006672442,29200.9309877598,1814.33844555869,28418.439401997,53440.2012614636
"112",2022-11-30,13714.1170893377,-110.138166260951,8266.94827580292,1132.19030101648,1274.056747186,12395.0632444866,5346.47541385895,6411.8560338494,1907.76268251741,8943.58890847355,2195.12014751465,6189.46933670739,4784.73876629819,-96.7881181365774,-407.551175031986,43007.7998146336,-1247.28690697462,4042.74873907508,10191.7907588903,36735.464822115,30322.1715666142,20902.4855901511,4908.59898984706,7847.12353094708,9025.8684530601,26198.2187102278,1219.65462762066,28063.567654515,50450.4080747373
"113",2022-12-31,14023.0481249312,146.854087547452,6942.13188343028,1282.64366069245,1280.01081197722,13224.7216495622,5392.15225948273,5660.18553960313,2033.10664212394,8787.02138876537,1829.12406338248,5986.60495654621,4798.28374050056,-210.784878837629,-999.374191145092,42225.2023487085,-1297.32013697355,2698.91930727076,9472.86765219079,35729.948865974,29555.3453375866,21855.8588896545,3926.40411963282,7002.70830018201,7140.85855906614,22086.6482516294,1025.0659305752,27245.0931186404,47266.4951440832
"114",2023-01-31,14091.7045729918,298.097805356338,5490.80614778255,1375.36850645173,1346.71896173235,13786.6808317855,5301.30790307396,4681.66072550266,2311.03983084258,8335.25335298697,1508.86368961018,5768.6639653436,4557.59230940801,-414.97315291936,-868.265532817139,41165.0830808108,-1021.01704123709,809.808817154233,8390.25459721344,33247.3104160205,29572.2383108652,22696.2760760079,3292.41886045496,6637.26998655329,7092.15522821149,19450.6141051684,1186.67938585221,26394.1590022268,42064.2602542972
"115",2023-02-28,14344.9634788496,329.09671134255,4332.6299640617,1362.56345674066,1433.31073705573,13598.7309566376,4994.24034404659,3605.18304712932,2704.77026919186,7645.41237527374,1074.52941560988,5617.62823513466,4006.04939204176,-695.605467561512,-36.5834735759126,40712.9819277705,-422.960661695222,-1382.46483307745,7193.19957879421,29461.8984014567,29660.1149954272,22856.4922923569,2445.9657040211,6331.51734755421,9171.92297416396,18964.9666230239,1476.77540773145,25633.1792515044,33261.5950617064
"116",2023-03-31,15209.498677946,289.66212727803,3623.40085939332,1283.08199998035,1482.40859521692,12937.7374635116,4430.75707346323,2558.95231874377,3112.867272808,6886.99150452658,442.99572465384,5533.68862532042,3166.86101261016,-1006.32534923709,842.895340518007,40972.0972095422,141.874127737712,-3474.56016784361,5921.28582193356,24977.8449522216,28802.0966447151,21839.8719982299,988.303822986578,5659.48988684005,11988.7453698707,19178.1912888877,1774.73216293872,23942.8243326346,22044.6551535677
"117",2023-04-30,16696.1236929739,271.839204076725,3143.49631859899,1196.51989238382,1495.52492963301,11989.0056076341,3604.92136340776,1678.72052123852,3468.94284329156,6204.65205962321,-328.252258893466,374.121941769838,2110.70474951947,-1286.89891628344,996.387397106038,41032.069952651,-100.319116190309,-5152.67041744947,4478.96442859556,20676.9803753108,26896.0001572473,19614.0375622402,-807.73969488329,4671.05786483543,13879.0625276386,18214.537575679,1957.65618426491,20439.6337545741,9676.16938086087
"118",2023-05-31,18196.9910816664,343.871977182986,2580.510697674,1121.99513953555,1531.70254203031,11004.0506722205,2702.22743194617,995.684365116191,3762.39672905287,5793.27639717911,-968.214631534021,595.693959015312,856.812426112127,-1484.87989788045,-42.843734246213,39323.4356366226,-1288.83225507461,-6169.95312544153,2978.18304328009,17087.0763077185,24332.0195353706,16546.7760222777,-2400.16089212804,3705.93677914416,14560.8701019308,15316.1136352755,1933.85401967239,16524.0297890924,-1476.50588051556
"119",2023-06-30,19090.9223268243,434.222052190842,1739.09220681005,1039.05299034202,1634.07962841142,10116.0141580329,2014.94397906517,479.963846045779,3992.75364905532,5772.13334075813,-1308.69694983732,713.611825468332,-419.214701300836,-1581.55588639882,-2262.94976170969,35420.9366267524,-2767.61930782237,-6416.2074449702,1800.39072535528,14451.7366903808,22046.3660023303,13357.7520230207,-3450.3214842825,2964.64797679638,14654.3804507327,11315.7915414538,1811.95395901894,14590.524038057,-9123.69509500393
"120",2023-07-31,19163.0077974241,424.301930884567,669.250278905649,920.39326817286,1758.53670256589,9332.5941761916,1754.5975424158,67.2117654644244,4156.54521899334,5999.46548705292,-1461.03736340714,749.324527846235,-1540.72918562972,-1602.60954489451,-5004.21144580835,29811.2350607829,-3823.44525701486,-6103.8882074774,1010.78639450861,12633.1665221912,21068.7520095699,10705.9008507835,-3983.38501063088,2306.96098214871,14501.6564173846,7482.90877028933,1784.10772515742,14693.1768889193,-12981.3103888892
"121",2023-08-31,18672.4308998946,257.718943787268,-458.16919043594,794.856919515174,1828.13593188772,8792.30614870624,1867.40536539949,-297.964181969437,4229.85424024551,6176.74595942473,-1609.8089767674,741.181879064527,-2399.32333893899,-1573.09757673148,-7336.04452548511,23861.2351902457,-4154.39868936918,-5524.83721084107,488.687063807767,11543.1406009451,21696.0892393198,8855.55487457267,-4109.59646230045,1507.50711144356,14170.9892104723,4594.56225665362,1937.07775147093,15708.3176350774,-14564.2367169634
"122",2023-09-30,18001.1326822501,22.5249396812869,-1447.31850552947,707.232140427762,1797.38945669792,8453.90134353522,2073.27711509806,-627.441043043946,4230.56563062797,6197.8434617582,-1848.59794303909,721.88545242641,-2932.23797233461,-1510.1366941223,-8665.57659472231,19343.636778321,-3947.69924665647,-4740.72876981375,49.1558331692067,11212.7303926851,23641.5731002597,7724.7300900408,-3908.96530208271,639.428627742163,13474.5702938303,2158.72859365732,2216.04064942741,16812.8749347014,-15855.3841889055
